asin,count
B00IBHT2KS,22
B00FHJJSIO,21
B00HFYJ730,20
B00FYY45EE,19
B009TDJ5WI,15
B00GL3UCLW,14
B00KGM8UC2,14
B00LHWD0CU,12
B00LI75X92,12
B00KBBCZCE,11
B00IY2ZJ16,10
B00HSLWM2I,10
B00I28F0SO,10
B00I76Y0F0,10
B00JIEIO98,10
B00KUN7I4S,10
B00L7CSZ7A,9
B00I2F1B8K,9
B00H6UB17I,9
B00I8A620Q,9
B00HS3KZ3E,9
B00J53HWHC,8
B00IFVYRAU,8
B00F7NGW0W,8
B00BY5QXDS,8
B00LK4950G,8
B00FFLAP72,8
B00B6UBIRW,8
B00JEP2KZU,7
B00DY8HARG,7
B00JO72WC4,7
B00IOWBCLM,7
B00HARTVRY,6
B00KJLJD3U,6
B00GEB7L1A,6
B00JGOZOPC,6
B00LOVXERA,6
B00H1XDVSC,6
B00EFW42IU,6
B00HI63PG0,6
B00AQ2D7VG,6
B00H0FJ2DY,6
B00L17ZEIO,6
B00IPIWWUK,6
B00L00WAAM,6
B00K3B03XK,6
B0070Y3GR8,6
B00FZ7R3EO,5
B00ENNUQ4A,5
B00CYKHQW4,5
B00KJO2K0U,5
B00EWN4XWM,5
B00JUEWOWE,5
B00FDZT1IY,5
B00I0YZ9K4,5
B00IYPZDJG,5
B00GIN6YYY,5
B00J5S9MRA,5
B00LBAMM9A,5
B00KI8KUCM,5
B00ITV0LDS,5
B00H2427XK,5
B00IZOY5L8,4
B00A2Y9TWE,4
B00A51NFW4,4
B00HBO8LKE,4
B00KSH76MK,4
B00GBXDU34,4
B00J4XQSFK,4
B00J42S9L2,4
B00G7VIH9M,4
B00JOFOYPO,4
B00KNLZFJC,4
B00GG5SB0E,4
B00JOY4EK0,4
B00FKAD59I,4
B00LEYH8KQ,4
B00LDYFN68,4
B00HXWGTTE,4
B008CJ2446,4
B00D6LYYW0,4
B00DG8ZY8G,4
B00F0WRVSW,4
B00AGBHI30,4
B00ADQML6W,4
B00GDFM2Y8,4
B00GRWTOK2,4
B00JPZJY2Q,3
B007Y6S1WC,3
B00EN2ZXGW,3
B00JS4MIEK,3
B007XAF94C,3
B00GU14U9A,3
B00HGVUZSI,3
B00KGI7JOQ,3
B00K3IQULW,3
B00JAXJCA2,3
B00K7OLBL6,3
B00E3UOBG2,3
B00D2JZID0,3
B00EBC0LHK,3
B00EDDBT9G,3
B00GXSYCXE,3
B00JYEQOYO,3
B00BWUD1RQ,3
B00I9J9HC6,3
B00FOACINS,3
B00CIA5OB0,3
B00AEB5E24,3
B00IGI2BHS,3
B00IOC6ZEQ,3
B00IG2VM0G,3
B0053IK8JM,3
B00KYSTO82,3
B00KXZUJ7G,3
B00A923TPM,3
B005AIP2JG,3
B00A020MQK,3
B005KLVNFA,3
B00L77I5AM,3
B00I87FRKU,3
B00LOZXPPW,3
B00EPZUSYY,3
B00I912CY4,2
B00HX1BD7I,2
B00DJW112M,2
B00JV8OPJO,2
B00IH8IDVA,2
B00D9F4MDE,2
B00JKL4A9W,2
B00H0P5F0I,2
B00ARFNR9E,2
B00JIV2YA6,2
B00JX22B94,2
B008IEJTSE,2
B008IJ5FPA,2
B00II7519C,2
B00GQZDJME,2
B00I61JZ4C,2
B00IEKCAHO,2
B0082ZE4R0,2
B00JMO24RW,2
B00JTSJG22,2
B00GWQQGSG,2
B00DJB6KE2,2
B00I7QF69E,2
B00BT0JC9U,2
B00BK50QYY,2
B00BJTK196,2
B00IA5B9VG,2
B00I2NG006,2
B00DGGUM76,2
B00JPNNHTY,2
B00B73H3K4,2
B00JRSX24M,2
B00BNA9V24,2
B00CJH944U,2
B00HWRC11K,2
B009BIHQM2,2
B0098SJUNI,2
B00IS46AZO,2
B00J47HAUS,2
B00HMWBSX2,2
B00ITENK9M,2
B00HBTG2AK,2
B00J385SBG,2
B00ITSTK8S,2
B00C74OY1S,2
B00CNTSV7K,2
B00IU9DK8C,2
B00CGSD1O6,2
B009NQO2TW,2
B00IZL65K0,2
B00GQZ653E,2
B00CHU9PSO,2
B009Y6OOWG,2
B0095SQ714,2
B00BTMGBD8,2
B00HTB4UC2,2
B00APEYB0G,2
B008MH30ZU,2
B00D50MTYM,2
B00H3O68Y8,2
B00D4AVIKE,2
B00HTXJQZ6,2
B00FEYPF48,2
B00IO545WM,2
B00A24U7V6,2
B00CZEIQMI,2
B00IODNJRG,2
B00H5A55O4,2
B00JCJAK96,2
B00CXYTQ4M,2
B00HQH99Q6,2
B00A6NG154,2
B00CHGYCEK,2
B00LYLHUNE,2
B00L9HIR4E,2
B00KSRTO9I,2
B00F2LFGQ0,2
B00GEEB15Y,2
B00F80CJ7Y,2
B00K48BOEY,2
B00LIHGH1K,2
B00KKQ9X0C,2
B00LGKENX8,2
B007D788ZW,2
B00KUEGX16,2
B006UXVSFC,2
B00FY4FYGC,2
B00E2ZWTN0,2
B00E3DWAQM,2
B00K85QVQ4,2
B00GDU3OP4,2
B004RJ3P8O,2
B004R9QVSK,2
B00GHSV2OW,2
B00GGA5D5U,2
B00FKP37FA,2
B006YTTVHO,2
B00KAJE9YE,2
B00EAC91YA,2
B00KNEU04O,2
B004BA52W6,2
B00ESWYKDE,2
B003XKNG3W,2
B00L4OLMNK,2
B00ESC2A0E,2
B00GBE1U3K,2
B00GOJZAII,2
B00DP7UO42,2
B00FD95LO8,2
B005Q37MGG,2
B00LPRYW7O,2
B00EGMV24G,2
B003X976CA,2
B00FMWIIGE,2
B005LVV6DI,2
B007K8QO28,2
B00K25EDN8,2
B00LLWDUDK,2
B00EOUAYLC,2
B00FBK17PQ,2
B00DSAYJEW,2
B00FUTYLR4,1
B00HTXB7GM,1
B00FWSTTKM,1
B00FS0S0TU,1
B00HT73RHK,1
B00FV4J2AY,1
B00FW72EDC,1
B00HTJJST4,1
B00HSXRX0C,1
B00FUUDRPK,1
B00FUKP190,1
B00FVPL9E0,1
B00FURFP08,1
B00HOSAE52,1
B00FX7L5FO,1
B00FXBTYOO,1
B00HLX9Z3C,1
B00G17H1ZS,1
B00G13BCCK,1
B00HM7NGXW,1
B00HMTXSA6,1
B00G0XXD1O,1
B00HNWA81O,1
B00HNZP85M,1
B00G0J9C7M,1
B00HOIH342,1
B00HOL4UVS,1
B00FZRD4CY,1
B00HORW3RK,1
B00FZ5AN2K,1
B00FR5NYQ0,1
B00HP4L3S2,1
B00HPM1G8Q,1
B00HQ1OJLC,1
B00HQ8OWH6,1
B00FY2QDH8,1
B00FXYLC96,1
B00FR6SGOY,1
B00GQOG166,1
B00HTXS9W2,1
B00FJQFBB8,1
B00HZ6780W,1
B00HZD8EWQ,1
B00I09DBOU,1
B00I0XNO3E,1
B00I15VL86,1
B00I169RH2,1
B00I19Y70Q,1
B00FKC15IE,1
B00I1OJRV0,1
B00I20ABJU,1
B00FJ87WZ4,1
B00HZ3RTM2,1
B00I2CPY4U,1
B00FISJNSY,1
B00FICW166,1
B00FGDYLI8,1
B00I3M5W6O,1
B00I3PFF40,1
B00I44WXH2,1
B00FFHHS4E,1
B00I48KN16,1
B00FFD4EC2,1
B00FKERXXS,1
B00HZ33VZG,1
B00HUFDI8Y,1
B00FNDH51G,1
B00HUR2QRG,1
B00HUVO5NA,1
B00FQW38B0,1
B00HVI1KN0,1
B00HW1LZUE,1
B00HW5Y8PO,1
B00HWFKNDA,1
B00HWNJ2MA,1
B00FOEYZ9Y,1
B00FO60CH6,1
B00FN2JAKG,1
B00FKMNSCA,1
B00HLW4WYU,1
B00HWZ2MV6,1
B00HXE6HK8,1
B00FMJYE6A,1
B00HXZY4R0,1
B00HYMOCVA,1
B00HYZ06ZI,1
B00HZ1E68E,1
B00FKNQLGE,1
B00HZ1ONV4,1
B00G1EY7ZI,1
B00HHD6KJ8,1
B00HLT5GCU,1
B00HJU88TE,1
B00GL3RLXY,1
B00GXTOPGM,1
B00GY9SK4O,1
B00GYA55XC,1
B00GZWCFUK,1
B00GKY460A,1
B00GKBHK6U,1
B00GJ3CI7K,1
B00GI3EDFQ,1
B00H0UT5KO,1
B00H1AJCTC,1
B00GI1J5LA,1
B00H25DQVG,1
B00GFD7I0G,1
B00GEKA618,1
B00GEHN4I8,1
B00H3PX5GQ,1
B00H3T46H4,1
B00H3TIN8C,1
B00H4CDNR4,1
B00H4I7IKG,1
B00H50K9R2,1
B00GDTFKUM,1
B00H5WJBW4,1
B00GDOL0N8,1
B00GL6FUMU,1
B00GLD95JC,1
B00GXE94EA,1
B00GNLMYLI,1
B00GQ6FO9Y,1
B00GPQ98PQ,1
B00GP5AZU4,1
B00GP49IOO,1
B00GOJNWTC,1
B00GSC9SUM,1
B00GT11KQW,1
B00GT6651C,1
B00GOJNI5U,1
B00GOJF290,1
B00GNQWYOK,1
B00GNJGJB6,1
B00GWOXKPA,1
B00GTB3IO4,1
B00GU45KXM,1
B00GNA1DFC,1
B00GMWK0LO,1
B00GME98Z6,1
B00GU517II,1
B00I55OT6I,1
B00GUTRRVU,1
B00GLT2F2U,1
B00GUTSEXA,1
B00GVM4QR4,1
B00GD2LNUU,1
B00H6BTDW2,1
B00H6QAPJW,1
B00HGZE238,1
B00G7TZKEE,1
B00HDQA2DE,1
B00HDSBXP8,1
B00HDZOTM0,1
B00HETGBVC,1
B00HFXK4W4,1
B00G7A0UD4,1
B00G6642QK,1
B00HG52LJK,1
B00G5ZXKGU,1
B00HGZ2ZMS,1
B00G5QOASQ,1
B00HCXP1LQ,1
B00G5L05EY,1
B00HH1JVCI,1
B00GR787NM,1
B00HHH7RJQ,1
B00G4JYE8K,1
B00G3SRAHO,1
B00G3A9SQ8,1
B00G2VY70K,1
B00HIVDZK6,1
B00G1X9G1Y,1
B00HJ69B5S,1
B00HDEYYS0,1
B00HC512TY,1
B00GD0JGFG,1
B00HB77MPG,1
B00H6XRO4Y,1
B00GCR6I60,1
B00H7FNEF4,1
B00H7NOPPO,1
B00H859M9K,1
B00H8CYQGC,1
B00H95FRQG,1
B00H9ICOPU,1
B00GBU1D18,1
B00GBQ9H5Q,1
B00HAUVJJY,1
B00GALGRJG,1
B00HC24C8K,1
B00HBRNI2C,1
B00G97KX00,1
B00G96POIW,1
B00HBRNRXM,1
B00HBT95EU,1
B00G8UF0JM,1
B00G8RAO8M,1
B00G8BTRWW,1
B00G8BQA1S,1
B00G7X3PT2,1
B00HBUPBC4,1
B00I4BT2KG,1
B00IMSI09A,1
B00I5B1UNW,1
B00K9O53UO,1
B00KC5O5HW,1
B00KBFOEYW,1
B00KB5B1XY,1
B00KAP8EL2,1
B00KANRHXA,1
B00KAICOJW,1
B00K9TE8WS,1
B00K9NWRHW,1
B00K68IJN6,1
B00K9ASXEQ,1
B00K8HWYOA,1
B00K8F7SRK,1
B00K8EV3MM,1
B00K8A9CCO,1
B00K85HD16,1
B00K7S0PVY,1
B00KC87QJS,1
B00KC91E2M,1
B00KDK0UBG,1
B00KDO1IAO,1
B00KIDQHBU,1
B00KHHXBQG,1
B00KHB6WIG,1
B00KHANOW4,1
B00KHAFGW0,1
B00KH955C2,1
B00KH9459Q,1
B00KH112GI,1
B00KGOE9V6,1
B00KGL9CM0,1
B00KGID1R0,1
B00KG14EGO,1
B00KFLTOV0,1
B00KEQ355M,1
B00KE91PUQ,1
B00K6XLIZW,1
B00K667VLO,1
B00JOQEVKQ,1
B00JTMM7V0,1
B00K08VZSS,1
B00K08SE5A,1
B00JYFZ5KM,1
B00JYBIM8I,1
B00JY434E2,1
B00JX4CGHY,1
B00JV3N2P2,1
B00JT4HIQW,1
B00K5ZUKX2,1
B00JT2PXRK,1
B00JSYEW80,1
B00JS6W668,1
B00JS2FJTI,1
B00JRQ08HI,1
B00JQS5FIO,1
B00JQOQIPM,1
B00K0CRX8A,1
B00K0PNVEC,1
B00K0QR7Y6,1
B00K0YPPME,1
B00K5HY5KO,1
B00K5CASSM,1
B00K5BKA5E,1
B00K4PX4BS,1
B00K3E3E06,1
B00K39ANE6,1
B00K2LJ5JY,1
B00K2I13ME,1
B00K2I0ZAU,1
B00K1U7CTQ,1
B00K1LNTQ0,1
B00K1JG6MQ,1
B00K1ELC8E,1
B00K113YEW,1
B00K0ZDA70,1
B00KIS4D70,1
B00KJ0N5G2,1
B00KJ2ECVM,1
B00L5O9V5K,1
B00LBGT882,1
B00LAPCIL8,1
B00L9RXPKA,1
B00L8DQHTG,1
B00L8CUD2E,1
B00L8A3BMK,1
B00L73JQ3G,1
B00L5JNHVO,1
B00KJ5XXOG,1
B00L4QRUDO,1
B00L4LFONW,1
B00L4AHG1Q,1
B00L3XPSNC,1
B00L3PIMPG,1
B00L2YB00W,1
B00L2X36GE,1
B00LC9KZNK,1
B00LF56Y3Q,1
B00LFB1KSE,1
B00LHWPE5G,1
B00LWSNUQ0,1
B00LWBR25M,1
B00LUCO52G,1
B00LT3SVMG,1
B00LS4XCWA,1
B00LS3MMJU,1
B00LRQ6N48,1
B00LOWOQGC,1
B00LNUOLOC,1
B00LMTLV24,1
B00LMNM5ZW,1
B00LMADNXS,1
B00LLX5WNU,1
B00LK1BG1A,1
B00LJ827NU,1
B00L2JF6Q6,1
B00L2D284U,1
B00L2024XI,1
B00KQ1Y1IA,1
B00KPV5RU2,1
B00KPGEIG6,1
B00KPEPC7C,1
B00KPBM8TA,1
B00KP1G6XE,1
B00KOSOX2O,1
B00KON0GBQ,1
B00KOG427M,1
B00KNH28IW,1
B00KLRBGIC,1
B00KKU4INA,1
B00KK8EXXW,1
B00KK4YACK,1
B00KJLBOBY,1
B00KJICKNI,1
B00KPXSXEW,1
B00KQA8Y7K,1
B00L1Y60L2,1
B00KQXPXEE,1
B00L19CQPG,1
B00L0QZ828,1
B00L02IIU6,1
B00KYR1UBC,1
B00KXJ637M,1
B00KW0392E,1
B00KVTUAGO,1
B00KVLMPFQ,1
B00KV0X0UG,1
B00KUZEM86,1
B00KUZE47A,1
B00KUCK4V8,1
B00KSNA2R0,1
B00KRQCHYO,1
B00KR2HJ6Y,1
B00JPYDJNM,1
B00JOFOWP6,1
B00I5SWYZS,1
B00INEW9UE,1
B00IPPQ9G6,1
B00IPJ9EXC,1
B00IOXRL9I,1
B00IOP0M6K,1
B00IO4IH9K,1
B00IO4BQGG,1
B00INFO97O,1
B00IMPIPX4,1
B00IJKOGAI,1
B00IMP3N86,1
B00IMHU7MO,1
B00IMEJVBA,1
B00IKEN6KO,1
B00IKCYS0S,1
B00IKBQNZM,1
B00IJOA4M8,1
B00IPQ23JC,1
B00IPR21UW,1
B00IPRP39I,1
B00IPUNKQI,1
B00IU6UGN2,1
B00IU69PTI,1
B00IU23ZTI,1
B00IU19DHM,1
B00ITZYGGW,1
B00ISYAI52,1
B00ISBVAJI,1
B00IS8JQSI,1
B00IRZ35ZW,1
B00IREW6V2,1
B00IQXRKIS,1
B00IQS8ZSM,1
B00IQMJHQ2,1
B00IQKDCHY,1
B00IQ8HSGW,1
B00IJMHJWS,1
B00IJJY4AQ,1
B00JNU17BY,1
B00IA971KA,1
B00ICTUO7U,1
B00ICP63XI,1
B00ICBCS7M,1
B00ICBCKOS,1
B00IC5DIOA,1
B00IBYWYOW,1
B00IB3NBUE,1
B00IA6QWP8,1
B00IJJUSME,1
B00I9FT2K2,1
B00I8SIL8E,1
B00I8S41U6,1
B00I7X5ML4,1
B00I7BCZ20,1
B00I78HDFW,1
B00I6VNAIY,1
B00ID0TC80,1
B00IDF0UAY,1
B00IDNIY4K,1
B00IDVBEYY,1
B00IIVCS3A,1
B00IIF4776,1
B00II9EBH8,1
B00IHTA3QC,1
B00IHCC5JC,1
B00IHB5CJS,1
B00IGXZTTK,1
B00IGW3OWA,1
B00IGW2ZXY,1
B00IGFX5IA,1
B00IGBGADQ,1
B00IFVZ2UO,1
B00IFR0XP2,1
B00IFE9B6C,1
B00IEK44K0,1
B00IUY2MQI,1
B00IVCU4LY,1
B00IVF7RDO,1
B00JDK2TI4,1
B00JFCBHX8,1
B00JF8GMP0,1
B00JF7ZF9A,1
B00JEN90C8,1
B00JEN5Y0U,1
B00JDXGH2U,1
B00JDLFHRI,1
B00JD49EZG,1
B00IW1EUHI,1
B00JD1PWTG,1
B00JD1PL92,1
B00JCY64S2,1
B00JCJBKQS,1
B00JBYFAGA,1
B00JBV5824,1
B00JBNX3OM,1
B00JFHKFEK,1
B00JGVZ8L0,1
B00JH1AYZ4,1
B00JH7933W,1
B00JNTOENI,1
B00JNKEG44,1
B00JMVE158,1
B00JMV997S,1
B00JMN44NA,1
B00JMF2RPU,1
B00JMEQQOE,1
B00JMEPIP2,1
B00JM2HG18,1
B00JLW04KO,1
B00JKJSNU6,1
B00JJESQNQ,1
B00JIB4LR0,1
B00JI16YIY,1
B00JI0KDXM,1
B00JB0D4GW,1
B00JAXSEFQ,1
B00JASPNY6,1
B00J1SP9FI,1
B00J1R63MM,1
B00J1KPB9U,1
B00J0LY146,1
B00J0FEIRM,1
B00IZRAPKK,1
B00IZL6KTG,1
B00IZFK9AS,1
B00IZFD3PQ,1
B00IYY0Q76,1
B00IY48RXG,1
B00IY2JLO2,1
B00IX4583Y,1
B00IWN7X4I,1
B00IWJJ45I,1
B00IWCL5C0,1
B00J1SGHWW,1
B00J1VG7HE,1
B00JAJPH5U,1
B00J22UANE,1
B00J9V9T9O,1
B00J9111FE,1
B00J8XH39G,1
B00J85YNKG,1
B00J84LMP6,1
B00J7KB1WK,1
B00J74Q8PQ,1
B00J72UHTG,1
B00J54YQA2,1
B00J4TQTGM,1
B00J4B0THU,1
B00J3D2IWI,1
B00J35F5QC,1
B00J2AGR6U,1
B00J29BP5E,1
B00FF04LCI,1
B000JMLBHU,1
B00FEX0OB8,1
B008KGSY7W,1
B008J1XGUS,1
B008IMBGIM,1
B008I517TC,1
B008H7KHM4,1
B008GWRC32,1
B008GOR67M,1
B008FB02TU,1
B008EPC59C,1
B008EP37B2,1
B008DWPFV6,1
B008CLZKRC,1
B008C8BZDI,1
B008BVMUVW,1
B008BIXI7K,1
B008AK8UB8,1
B008A3JU9Q,1
B0089P7G14,1
B008JHRMQ6,1
B008L5IRM4,1
B008YXE3GC,1
B008LMNCV8,1
B008TCF9Z2,1
B008TAI6LI,1
B008SFRMV4,1
B008S9A9I8,1
B008ROSQN4,1
B008R9U308,1
B008QO3T64,1
B008QI16JW,1
B008PUTIK0,1
B008OM2BHQ,1
B008O53T2Y,1
B008O53R2G,1
B008NWZFZ2,1
B008NWF27S,1
B008N1RYJ8,1
B008MTMZ5Y,1
B008LO9Z1M,1
B008840GI6,1
B00866SJQC,1
B0085TK5A8,1
B0084O5K8Q,1
B007UCC1F8,1
B007U0LVXS,1
B007TBBYBM,1
B007SNSIFQ,1
B007SNF3CM,1
B007SANLBA,1
B007SABZPO,1
B007S63Q00,1
B007S0YC3G,1
B007R5Q2Q2,1
B007QY62QE,1
B007Q7FG68,1
B007Q4LK9I,1
B007Q0HS9S,1
B007PX13CO,1
B007PN2TTA,1
B007P3GUNG,1
B007UDOZ0Q,1
B007V4XYSI,1
B007VN92WG,1
B0080XO2D0,1
B008473292,1
B0083XG72Q,1
B0083UU2X4,1
B0083I80GC,1
B00830A34C,1
B008283TVO,1
B008195BAG,1
B0080S6NGE,1
B007VWL27A,1
B0080K8HHA,1
B007YWNY2I,1
B007X6KE82,1
B007WZML7G,1
B007WSZAWG,1
B007WL4CPE,1
B007W6282S,1
B008WUG5KO,1
B008Z4QBJC,1
B007MSR1S2,1
B009VI92YC,1
B009SEKSMY,1
B009RRWMFS,1
B009RPTFIC,1
B009R8DHRE,1
B009POGEIY,1
B009PG2P7Q,1
B009P5JGFG,1
B009P0OXS6,1
B009NI7224,1
B009N9EMBM,1
B009M8W5ZY,1
B009M7GC72,1
B009L6QPEO,1
B009L2X8KM,1
B009KE89N2,1
B009JGYOQM,1
B009JC9N0I,1
B009TIO230,1
B009VM0L8E,1
B008ZMMZI0,1
B009W3QEHO,1
B00A9K1S6Q,1
B00A8TUS8M,1
B00A8OJRZW,1
B00A81XLNO,1
B00A81OQ56,1
B00A801I2Q,1
B00A6JI5B6,1
B00A264GQG,1
B00A13UQY6,1
B00A0Q1IZ0,1
B009Z68MDW,1
B009YZCQ7M,1
B009XNG978,1
B009XNCNB4,1
B009XJBHHO,1
B009WUSBB4,1
B009WCP5SE,1
B009I5KI7S,1
B009HXHACC,1
B009HX98X6,1
B009GX1LNW,1
B0098U8OZ6,1
B0097BLPIO,1
B009725PKC,1
B00970I9T8,1
B0096DXERS,1
B00969KMH2,1
B00962G7GO,1
B00948WD3G,1
B00947X3VI,1
B00943P0JK,1
B0092V0Y5Y,1
B0092R05RU,1
B00928OZ02,1
B0091UK4Q0,1
B0090S9XFG,1
B0090EVYNO,1
B00904HFTQ,1
B0099R2B0C,1
B009A1A17C,1
B009A21W7Y,1
B009E8A4S2,1
B009GDHVUE,1
B009GBDMHW,1
B009G9ZLAK,1
B009FUE0BQ,1
B009FE2T10,1
B009EIB0U8,1
B009EDXOKC,1
B009DX4JDY,1
B009AIEZPY,1
B009CE4TG6,1
B009CCBCU4,1
B009C8E95I,1
B009BZFQ4U,1
B009BIUHNW,1
B009B11BKW,1
B009AYWN5C,1
B007NFGSC4,1
B007MQDVLU,1
B00AAQCF0C,1
B0053QI4I6,1
B0052G9M4C,1
B00520IDD4,1
B00513NCWY,1
B0050YLH1W,1
B00501I1Z0,1
B004ZLD0P2,1
B004ZHE5I2,1
B004Y1NNKK,1
B004XVTPJ4,1
B004XVM2M6,1
B004XJCPHK,1
B004XIO5QA,1
B004XD8TVC,1
B004WE7F7G,1
B004W9NKHU,1
B004VWLG8S,1
B004USSPN2,1
B0052XOTKM,1
B0055DJOB8,1
B005MZHUEW,1
B0055OHYDM,1
B005MJFVS0,1
B005MGRJS8,1
B005MAWNFI,1
B005LVVGWY,1
B005KT0H2W,1
B005ISQ7ME,1
B005I6B1X6,1
B005I4JG2Q,1
B005F50AG4,1
B005EESW7A,1
B005DI9TGK,1
B005CW50GK,1
B005CJ8NTE,1
B005BSPUI8,1
B005BRESFK,1
B0058EAGYI,1
B0058DE9YC,1
B004UJIUD6,1
B004TQ62MG,1
B004T4LHGE,1
B004T4LBMY,1
B004AM59T6,1
B0041OT5VQ,1
B004089G1M,1
B003ZDO4SI,1
B003XVYHHK,1
B003U89S66,1
B003TO5HLQ,1
B003NNV10O,1
B003M5IQ88,1
B003K16QEU,1
B003IWOC1U,1
B003I84LYW,1
B003CT3382,1
B003CT32UQ,1
B0031Y6TIO,1
B0031RDWCW,1
B00309SCVW,1
B004ASOR3E,1
B004AYDGVM,1
B004C44LEG,1
B004NIFW30,1
B004SUOY78,1
B004SPEF1I,1
B004RQD40Q,1
B004R9P9S8,1
B004PLNNLS,1
B004OR1O3M,1
B004OA6M3G,1
B004L2LJ94,1
B004D9FH9I,1
B004I8WNR8,1
B004HYHAOO,1
B004H4XL38,1
B004G8QZ92,1
B004G5Z4HO,1
B004FV4YNY,1
B004FPYZKM,1
B005MJJI98,1
B005NIOT5G,1
B007MPFSE4,1
B00757ZY2K,1
B0074VOH16,1
B0074IHL7Q,1
B0074EC7WO,1
B0073X6G96,1
B0073VRXWW,1
B0073VIZB0,1
B00736RGW4,1
B00732RVJG,1
B007280EAO,1
B0071RPOUG,1
B0070Y3N9E,1
B006ZQXCLW,1
B006YDMFEG,1
B006WW9FZG,1
B006VOJ3RU,1
B006UK6GCU,1
B006SJOVX4,1
B007575YNO,1
B0075LQHKO,1
B005NRFTK6,1
B0076H3CBY,1
B007MDF8OG,1
B007M4177C,1
B007JZT5A0,1
B007IW9OEQ,1
B007IP3VM4,1
B007IKDFWA,1
B007FRY0R0,1
B007F2NWI8,1
B007EZF662,1
B007EEF3TS,1
B007E2O6IE,1
B007A4V33M,1
B0079UAT0A,1
B0079JHOF4,1
B0078S9B6G,1
B0077YFUJI,1
B00770DHGK,1
B006SBRCZQ,1
B006SBC6KM,1
B006QXBM84,1
B006QETJUG,1
B006BHU6W8,1
B0068N6FD4,1
B0065R3PY0,1
B0064312T0,1
B0063Y2OCE,1
B0063H63KA,1
B0062Q7S3S,1
B0060ZTM62,1
B0060M8GYY,1
B0060AN5A6,1
B005Z4RV6M,1
B005Z26DWM,1
B005YD4V7Q,1
B005SNUVZI,1
B005QBS2RQ,1
B005OMBTKY,1
B005OJF0ZC,1
B006C4AFSA,1
B006F80FMY,1
B006FOIOP8,1
B006LE44HE,1
B006PVGZ0W,1
B006PLLVVK,1
B006PFY2UI,1
B006OT0NBW,1
B006OOBOEM,1
B006N0LG9U,1
B006LR8UQW,1
B006KW9ZHG,1
B006GEPVQM,1
B006KLYIAG,1
B006K37HF2,1
B006JR6G56,1
B006ICFIZG,1
B006HZZSNQ,1
B006HTUP58,1
B006HTHAW4,1
B00A9P5682,1
B00ABUHA3O,1
B00FDXRWLE,1
B00DQ9JSGY,1
B00DP8Z8T2,1
B00DP6G15O,1
B00DP2H2HE,1
B00DOPN3Q6,1
B00DOFHHFO,1
B00DMTXQHA,1
B00DLTN0AO,1
B00DLATI0E,1
B00DL3AM7O,1
B00DK8LT4U,1
B00DK8AQ8K,1
B00DIBOF72,1
B00DI8TUHU,1
B00DHJZCDG,1
B00DH7XDKM,1
B00DGF0VIC,1
B00DG8ZYA4,1
B00DPSH0XE,1
B00DQZSFSA,1
B00E8NJS8U,1
B00DRERCRA,1
B00E7ZO0Y6,1
B00E6SKGNI,1
B00E6SBWYU,1
B00E6H7AHE,1
B00E5S4DAQ,1
B00E51MK76,1
B00E3ECPYI,1
B00E0KVDHK,1
B00DZ6E2AA,1
B00DYXLD9W,1
B00DYD2O1S,1
B00DY8HASU,1
B00DXJLKB8,1
B00DX5TG18,1
B00DVR2DEK,1
B00DSDQ398,1
B00DRF28C8,1
B00DG8ZY9K,1
B00DFNWFX4,1
B00DFNI2S6,1
B00DF7NU3O,1
B00D12DNT4,1
B00D09DJQU,1
B00CYW6CZE,1
B00CYBFTWC,1
B00CY4A5IM,1
B00CWM4R12,1
B00CWGH846,1
B00CWE3F5O,1
B00CW667IY,1
B00CVS2KH0,1
B00CVEMQM8,1
B00CV30XCE,1
B00CUSSKUM,1
B00CUIAOPG,1
B00CTXW6BM,1
B00CRTB9AC,1
B00CRMRSL8,1
B00D1FTFAC,1
B00D25Y2ZY,1
B00D4CS6OS,1
B00D92I49U,1
B00DEQB8M6,1
B00DEOG6Q6,1
B00DDB02UQ,1
B00DD8Z12I,1
B00DCGGSEQ,1
B00DAN8IQ2,1
B00D9RD0VM,1
B00D8T3GQU,1
B00D4V1X94,1
B00D8J2N46,1
B00D8DD1V6,1
B00D7EJL9C,1
B00D749D1I,1
B00D67P978,1
B00D5YWZFQ,1
B00D5X04X2,1
B00E89E050,1
B00E9BEHVO,1
B00CQTKI96,1
B00F2Y0UPO,1
B00F233VTM,1
B00F13FWYA,1
B00F0SMM1C,1
B00F064WCG,1
B00F007WI8,1
B00EZFOM7S,1
B00EYOAXZ0,1
B00EXWGMUS,1
B00EXTZ676,1
B00EXTVSHI,1
B00EXF3HBW,1
B00EX9MK0C,1
B00EX57GVE,1
B00EX50PIA,1
B00EX48V3C,1
B00EWOVS5Q,1
B001ISOPTA,1
B00F2MPZLK,1
B00F3OO3IS,1
B00E9T0R7Y,1
B00F3UP8O0,1
B00FDX59UA,1
B00FDSL6LQ,1
B00FD7SGFG,1
B00FCY77DC,1
B00FCXPMOY,1
B00FBMOXI2,1
B00FB3YU0W,1
B00FAUSSC2,1
B00FATFFTM,1
B00FAE7JT6,1
B00F7CJKAC,1
B00F7CJGK6,1
B00F6ZTOWO,1
B00F6F8CDQ,1
B00F55I700,1
B00F4I74CU,1
B00F438K00,1
B00EW7DHBG,1
B00EVZ5M4O,1
B00EUSSY3S,1
B00EUM9T88,1
B00EH9HUNA,1
B00EH2E5IK,1
B00EGJ33YG,1
B00EGJ334Q,1
B00EGFCS32,1
B00EG0DEVW,1
B00EFPO69W,1
B00EFESK7W,1
B00EESY9VU,1
B00EDTC732,1
B00ECZ6W1A,1
B00EBUKUKK,1
B00EBT17IK,1
B00EBMTBUS,1
B00EBH39YW,1
B00EB323E8,1
B00E9V32H4,1
B00EHMFCQE,1
B00EI3PP9G,1
B00EIE27ZK,1
B00EPJ96AM,1
B00EUF1QGI,1
B00ESJ41XQ,1
B00ESFDZPK,1
B00ERSOTRQ,1
B00ERNO9E4,1
B00ERFN4IY,1
B00EPM92KS,1
B00EP6TCHC,1
B00EK84D0G,1
B00EP6LI92,1
B00ENQEMAG,1
B00ENPVQUG,1
B00EMZ595A,1
B00EMEZC8A,1
B00EM9KUZU,1
B00ELHNIXE,1
B00CQX26OM,1
B00CQESIY8,1
B00AC4O758,1
B00B8X1N22,1
B00B7MIEMG,1
B00B7EMO16,1
B00B6LRUOG,1
B00B6GT4H2,1
B00B5KG2IS,1
B00B3KYXT0,1
B00B3CUSQU,1
B00B3A8AX0,1
B00B3941CA,1
B00B1UVSAY,1
B00B1S1EJQ,1
B00B1MR7P2,1
B00AZNX5K4,1
B00AZKPNRA,1
B00AZGV47C,1
B00AY5NN3W,1
B00AXQ0JIE,1
B00B8UBBUE,1
B00B9DRZIW,1
B00BHUBHMW,1
B00B9MPGD4,1
B00BHONK3W,1
B00BHMO5U6,1
B00BHIUK6S,1
B00BGZSXAW,1
B00BFMJIIM,1
B00BFHIJI2,1
B00BEZVLSA,1
B00BEYZ5FQ,1
B00BEJT598,1
B00BED26VI,1
B00BE9WA8G,1
B00BE0476I,1
B00BD6M6UM,1
B00BBX9B3C,1
B00BB1BGHI,1
B00BAESSGS,1
B00B9ZZYL0,1
B00AXLV0CI,1
B00AXHNHLE,1
B00AX1UJIO,1
B00AVBNBHM,1
B00ANG3YMW,1
B00AMRGX2A,1
B00AMQWFOG,1
B00AL7OA76,1
B00AK1IMXQ,1
B00AHSNS4A,1
B00AHI5R8K,1
B00AHDF1I6,1
B00AGZ1Z8A,1
B00AGIQW30,1
B00AGFI0RE,1
B00AFVRAQ6,1
B00AFESAQC,1
B00AEXUUQC,1
B00AEF30QC,1
B00AEB5DV6,1
B00AD9WFAQ,1
B00AOGNTAI,1
B00AP5NNWC,1
B00AP7ZA8A,1
B00ASDTRNA,1
B00AUIY2XS,1
B00AUDZJRQ,1
B00AU54042,1
B00ATWDHJU,1
B00ATSAR10,1
B00ATNX1SG,1
B00AT4NPTA,1
B00ASDEMB2,1
B00APZ6BPI,1
B00ASBB4MO,1
B00AS47VZA,1
B00AS0EU5I,1
B00AR782YM,1
B00AR48WB8,1
B00AR3O6OG,1
B00AR2CGLC,1
B00BHOYDRE,1
B00BI4PNHC,1
B00CQ0B6V4,1
B00CI3WCEO,1
B00CGOGZYS,1
B00CGAULGK,1
B00CG69E0I,1
B00CE2XSDI,1
B00CC68FF2,1
B00CBWFQAO,1
B00CBPJNGO,1
B00CBMBGG2,1
B00C8TSVRA,1
B00C7Y0T8A,1
B00C79B08I,1
B00C6NCG42,1
B00C6EHDFS,1
B00C5UTOL4,1
B00C5TC8O0,1
B00C55S906,1
B00C4E1F3Q,1
B00CGOLNUO,1
B00CI82JIS,1
B00BIM25OS,1
B00CIAD6UQ,1
B00CP7M572,1
B00CP1NJDM,1
B00COQM3GM,1
B00COPV86E,1
B00CO7GIFI,1
B00CO4HPPS,1
B00CNTTV60,1
B00CNH7KBA,1
B00CMXCWW2,1
B00CMK7CJS,1
B00CMB9OV6,1
B00CLJMALK,1
B00CLDQ8XW,1
B00CL1H0TA,1
B00CL0QMG8,1
B00CK8CKZS,1
B00CK51IRC,1
B00C4BA6A2,1
B00C4BA64I,1
B00C4BA3W8,1
B00C2YRAQE,1
B00BS2ECK8,1
B00BRXUN38,1
B00BRNM0XY,1
B00BRA7YEM,1
B00BR1B30C,1
B00BQ80T9M,1
B00BQ3ZZ3M,1
B00BPMHSRU,1
B00BP64SNS,1
B00BOQ8AVK,1
B00BMKIWTS,1
B00BMHF2IA,1
B00BLXP2KI,1
B00BKD98J0,1
B00BJGPWHK,1
B00BJFNI0E,1
B00BIO59LM,1
B00BS3J7F2,1
B00BSGL388,1
B00BSWPUG8,1
B00BYK0OE2,1
B00C2RXWQS,1
B00C1LUIOY,1
B00C1LFF6A,1
B00C17RE3G,1
B00BZTOP0G,1
B00BZKITMK,1
B00BYPWISM,1
B00BYEW02M,1
B00BTIDW4S,1
B00BX8IR94,1
B00BWUHSEI,1
B00BVC7XCE,1
B00BUP6PWQ,1
B00BUD1QUY,1
B00BU67NY4,1
B00BTOLY24,1
B00EWOMQFM,1
